indice,,data,data_str,ano,mes,media,mediana,std,n_pixels,media_sazonal,std_sazonal,n,anomalia,z_score,classificacao
NDVI,0,2020-01-15,20200115,2020,1,0.3091649115085602,0.2631451487541199,0.29313427209854126,31080,0.4142276346683502,0.07952013611793518,5,-0.10506272315979004,-1.3212090730667114,Abaixo
NDVI,1,2020-02-14,20200214,2020,2,0.503374457359314,0.7663164734840393,0.40226462483406067,31080,0.4860784411430359,0.057023826986551285,5,0.017296016216278076,0.3033120930194855,Normal
NDVI,2,2020-03-25,20200325,2020,3,0.5224431157112122,0.8201895952224731,0.413786917924881,31080,0.3904310464859009,0.08318137377500534,6,0.13201206922531128,1.5870388746261597,Muito acima
NDVI,3,2020-04-04,20200404,2020,4,0.461980402469635,0.5547710657119751,0.38006940484046936,31080,0.3378831446170807,0.06270910799503326,6,0.12409725785255432,1.9789351224899292,Muito acima
NDVI,4,2020-05-19,20200519,2020,5,0.30003029108047485,0.22421199083328247,0.3043120205402374,31080,0.3319261074066162,0.02708742395043373,6,-0.03189581632614136,-1.177513837814331,Abaixo
NDVI,5,2020-06-13,20200613,2020,6,0.28758230805397034,0.2582893371582031,0.28897374868392944,31080,0.38508275151252747,0.05012533441185951,6,-0.09750044345855713,-1.9451329708099365,Muito abaixo
NDVI,6,2020-07-23,20200723,2020,7,0.3374239504337311,0.3581867814064026,0.3030993342399597,31080,0.39693525433540344,0.03443332388997078,6,-0.05951130390167236,-1.7283055782318115,Muito abaixo
NDVI,7,2020-08-27,20200827,2020,8,0.3142206370830536,0.2951064109802246,0.2932034730911255,31080,0.343820720911026,0.040282249450683594,6,-0.029600083827972412,-0.7348170280456543,Abaixo
NDVI,8,2020-09-26,20200926,2020,9,0.25014472007751465,0.2075570821762085,0.2578009068965912,31080,0.28326478600502014,0.039377856999635696,6,-0.03312006592750549,-0.8410835266113281,Abaixo
NDVI,9,2020-10-01,20201001,2020,10,0.24917256832122803,0.20068317651748657,0.25983744859695435,31080,0.2864169776439667,0.04321388900279999,6,-0.03724440932273865,-0.8618620038032532,Abaixo
NDVI,10,2020-11-25,20201125,2020,11,0.33100977540016174,0.2809351086616516,0.3054537773132324,31080,0.3122521936893463,0.02567664533853531,6,0.01875758171081543,0.730530858039856,Acima
NDVI,11,2020-12-30,20201230,2020,12,0.4579038619995117,0.5836687684059143,0.40114665031433105,31080,0.3927469253540039,0.09048926085233688,5,0.06515693664550781,0.7200515866279602,Acima
NDVI,12,2021-01-04,20210104,2021,1,0.42760026454925537,0.5557756423950195,0.35609322786331177,31080,0.4142276346683502,0.07952013611793518,5,0.013372629880905151,0.16816659271717072,Normal
NDVI,13,2021-02-23,20210223,2021,2,0.3942444622516632,0.45199888944625854,0.3346700966358185,31080,0.4860784411430359,0.057023826986551285,5,-0.09183397889137268,-1.610449194908142,Muito abaixo
NDVI,14,2021-03-10,20210310,2021,3,0.32832813262939453,0.28057554364204407,0.32158780097961426,31080,0.3904310464859009,0.08318137377500534,6,-0.06210291385650635,-0.7465963959693909,Abaixo
NDVI,15,2021-04-09,20210409,2021,4,0.2953122556209564,0.21739129722118378,0.3121315538883209,31080,0.3378831446170807,0.06270910799503326,6,-0.04257088899612427,-0.6788629293441772,Abaixo
NDVI,16,2021-05-09,20210509,2021,5,0.32050779461860657,0.2724302113056183,0.3097469210624695,31080,0.3319261074066162,0.02708742395043373,6,-0.011418312788009644,-0.42153558135032654,Normal
NDVI,17,2021-06-03,20210603,2021,6,0.4185100793838501,0.5449671745300293,0.3450283110141754,31080,0.38508275151252747,0.05012533441185951,6,0.03342732787132263,0.666874885559082,Acima
NDVI,18,2021-07-23,20210723,2021,7,0.40400058031082153,0.504330039024353,0.3376321494579315,31080,0.39693525433540344,0.03443332388997078,6,0.007065325975418091,0.20518861711025238,Normal
NDVI,19,2021-08-22,20210822,2021,8,0.3029099404811859,0.35194581747055054,0.2651446461677551,31080,0.343820720911026,0.040282249450683594,6,-0.04091078042984009,-1.0156031847000122,Abaixo
NDVI,20,2021-09-06,20210906,2021,9,0.2705884873867035,0.2756539583206177,0.25506097078323364,31080,0.28326478600502014,0.039377856999635696,6,-0.01267629861831665,-0.3219143748283386,Normal
NDVI,21,2021-10-06,20211006,2021,10,0.2698405086994171,0.2089192271232605,0.27074670791625977,31080,0.2864169776439667,0.04321388900279999,6,-0.01657646894454956,-0.3835912346839905,Normal
NDVI,22,2021-11-25,20211125,2021,11,0.29409047961235046,0.22811223566532135,0.28585973381996155,31080,0.3122521936893463,0.02567664533853531,6,-0.01816171407699585,-0.7073242664337158,Abaixo
NDVI,23,2021-12-10,20211210,2021,12,0.36009645462036133,0.2806229591369629,0.3373071253299713,31080,0.3927469253540039,0.09048926085233688,5,-0.03265047073364258,-0.3608214855194092,Normal
NDVI,24,2022-01-19,20220119,2022,1,0.5208001732826233,0.7862428426742554,0.416891872882843,31080,0.4142276346683502,0.07952013611793518,5,0.10657253861427307,1.340195655822754,Acima
NDVI,25,2022-02-23,20220223,2022,2,0.471048504114151,0.6588844060897827,0.37990960478782654,31080,0.4860784411430359,0.057023826986551285,5,-0.015029937028884888,-0.26357293128967285,Normal
NDVI,26,2022-03-05,20220305,2022,3,0.4314550459384918,0.4642658531665802,0.36668044328689575,31080,0.3904310464859009,0.08318137377500534,6,0.04102399945259094,0.4931873381137848,Normal
NDVI,27,2022-04-04,20220404,2022,4,0.3062790334224701,0.2108829915523529,0.3211734890937805,31080,0.3378831446170807,0.06270910799503326,6,-0.031604111194610596,-0.5039796233177185,Abaixo
NDVI,28,2022-05-29,20220529,2022,5,0.32528695464134216,0.3135303854942322,0.30195340514183044,31080,0.3319261074066162,0.02708742395043373,6,-0.006639152765274048,-0.2451009303331375,Normal
NDVI,29,2022-06-23,20220623,2022,6,0.4125826954841614,0.5158730149269104,0.34718015789985657,31080,0.38508275151252747,0.05012533441185951,6,0.02749994397163391,0.5486236214637756,Acima
NDVI,30,2022-07-03,20220703,2022,7,0.4190019965171814,0.5386452674865723,0.35105544328689575,31080,0.39693525433540344,0.03443332388997078,6,0.022066742181777954,0.6408542394638062,Acima
NDVI,31,2022-08-02,20220802,2022,8,0.37896621227264404,0.45830386877059937,0.32137686014175415,31080,0.343820720911026,0.040282249450683594,6,0.03514549136161804,0.8724808692932129,Acima
NDVI,32,2022-09-01,20220901,2022,9,0.33637499809265137,0.4040723443031311,0.28709790110588074,31080,0.28326478600502014,0.039377856999635696,6,0.053110212087631226,1.3487329483032227,Acima
NDVI,33,2022-10-26,20221026,2022,10,0.30785465240478516,0.2500968873500824,0.2955787479877472,31080,0.2864169776439667,0.04321388900279999,6,0.02143767476081848,0.49608299136161804,Normal
NDVI,34,2022-11-10,20221110,2022,11,0.2962489128112793,0.28228986263275146,0.2858346104621887,31080,0.3122521936893463,0.02567664533853531,6,-0.016003280878067017,-0.6232621669769287,Abaixo
NDVI,35,2022-12-10,20221210,2022,12,0.4838598370552063,0.7251729369163513,0.3855881989002228,31080,0.3927469253540039,0.09048926085233688,5,0.09111291170120239,1.0068919658660889,Acima
NDVI,36,2023-02-08,20230208,2023,2,0.5351709723472595,0.8290689587593079,0.4225867986679077,31080,0.4860784411430359,0.057023826986551285,5,0.04909253120422363,0.8609126210212708,Acima
NDVI,37,2023-03-25,20230325,2023,3,0.3039780855178833,0.2070847749710083,0.3198402225971222,31080,0.3904310464859009,0.08318137377500534,6,-0.08645296096801758,-1.0393307209014893,Abaixo
NDVI,38,2023-04-04,20230404,2023,4,0.32269546389579773,0.2568886876106262,0.32787299156188965,31080,0.3378831446170807,0.06270910799503326,6,-0.015187680721282959,-0.2421925812959671,Normal
NDVI,39,2023-05-24,20230524,2023,5,0.37502527236938477,0.34263747930526733,0.3361893594264984,31080,0.3319261074066162,0.02708742395043373,6,0.043099164962768555,1.5911134481430054,Muito acima
NDVI,40,2023-06-28,20230628,2023,6,0.41474905610084534,0.5695205330848694,0.3398483097553253,31080,0.38508275151252747,0.05012533441185951,6,0.02966630458831787,0.591842532157898,Acima
NDVI,41,2023-07-13,20230713,2023,7,0.43875041604042053,0.602774977684021,0.356560081243515,31080,0.39693525433540344,0.03443332388997078,6,0.04181516170501709,1.2143806219100952,Acima
NDVI,42,2023-08-17,20230817,2023,8,0.31297042965888977,0.3437141180038452,0.28238680958747864,31080,0.343820720911026,0.040282249450683594,6,-0.03085029125213623,-0.765853226184845,Abaixo
NDVI,43,2023-09-11,20230911,2023,9,0.31690043210983276,0.2566368281841278,0.29566752910614014,31080,0.28326478600502014,0.039377856999635696,6,0.03363564610481262,0.8541766405105591,Acima
NDVI,44,2023-10-11,20231011,2023,10,0.35719388723373413,0.3014320135116577,0.32537880539894104,31080,0.2864169776439667,0.04321388900279999,6,0.07077690958976746,1.6378278732299805,Muito acima
NDVI,45,2023-11-05,20231105,2023,11,0.30813518166542053,0.2625839412212372,0.3124309778213501,31080,0.3122521936893463,0.02567664533853531,6,-0.004117012023925781,-0.16034072637557983,Normal
NDVI,46,2023-12-20,20231220,2023,12,0.4067637324333191,0.49473434686660767,0.34256431460380554,31080,0.3927469253540039,0.09048926085233688,5,0.014016807079315186,0.1549002230167389,Normal
NDVI,47,2024-01-09,20240109,2024,1,0.44289982318878174,0.6057724952697754,0.36090701818466187,31080,0.4142276346683502,0.07952013611793518,5,0.02867218852043152,0.3605651259422302,Normal
NDVI,48,2024-03-14,20240314,2024,3,0.33428752422332764,0.3431372344493866,0.2993565499782562,31080,0.3904310464859009,0.08318137377500534,6,-0.05614352226257324,-0.674953043460846,Abaixo
NDVI,49,2024-04-28,20240428,2024,4,0.3380802273750305,0.2965165972709656,0.32572564482688904,31080,0.3378831446170807,0.06270910799503326,6,0.0001970827579498291,0.0031428090296685696,Normal
NDVI,50,2024-05-13,20240513,2024,5,0.3526131510734558,0.30815520882606506,0.3317863643169403,31080,0.3319261074066162,0.02708742395043373,6,0.0206870436668396,0.7637139558792114,Acima
NDVI,51,2024-06-07,20240607,2024,6,0.4003436863422394,0.49940919876098633,0.33875593543052673,31080,0.38508275151252747,0.05012533441185951,6,0.015260934829711914,0.3044555187225342,Normal
NDVI,52,2024-07-22,20240722,2024,7,0.39545509219169617,0.5138621926307678,0.32866519689559937,31080,0.39693525433540344,0.03443332388997078,6,-0.0014801621437072754,-0.04298632591962814,Normal
NDVI,53,2024-08-21,20240821,2024,8,0.35259509086608887,0.4570003151893616,0.29542720317840576,31080,0.343820720911026,0.040282249450683594,6,0.008774369955062866,0.21782223880290985,Normal
NDVI,54,2024-09-30,20240930,2024,9,0.29198741912841797,0.3293974697589874,0.26235976815223694,31080,0.28326478600502014,0.039377856999635696,6,0.008722633123397827,0.221511110663414,Normal
NDVI,55,2024-10-05,20241005,2024,10,0.29432448744773865,0.3273777961730957,0.2695876359939575,31080,0.2864169776439667,0.04321388900279999,6,0.007907509803771973,0.18298538029193878,Normal
NDVI,56,2024-11-19,20241119,2024,11,0.35480996966362,0.36383357644081116,0.32364046573638916,31080,0.3122521936893463,0.02567664533853531,6,0.04255777597427368,1.657450795173645,Muito acima
NDVI,57,2025-01-08,20250108,2025,1,0.3706730306148529,0.42258745431900024,0.3196397125720978,31080,0.4142276346683502,0.07952013611793518,5,-0.043554604053497314,-0.5477179288864136,Abaixo
NDVI,58,2025-02-17,20250217,2025,2,0.5265538692474365,0.8013647794723511,0.42012819647789,31080,0.4860784411430359,0.057023826986551285,5,0.040475428104400635,0.7097985148429871,Acima
NDVI,59,2025-03-09,20250309,2025,3,0.4220944344997406,0.5171058177947998,0.3529549539089203,31080,0.3904310464859009,0.08318137377500534,6,0.03166338801383972,0.38065478205680847,Normal
NDVI,60,2025-04-08,20250408,2025,4,0.3029514253139496,0.20651011168956757,0.3188419044017792,31080,0.3378831446170807,0.06270910799503326,6,-0.034931719303131104,-0.5570437908172607,Abaixo
NDVI,61,2025-05-13,20250513,2025,5,0.31809312105178833,0.25150036811828613,0.31768447160720825,31080,0.3319261074066162,0.02708742395043373,6,-0.01383298635482788,-0.510679304599762,Abaixo
NDVI,62,2025-06-17,20250617,2025,6,0.37672868371009827,0.3878682851791382,0.33481457829475403,31080,0.38508275151252747,0.05012533441185951,6,-0.0083540678024292,-0.16666358709335327,Normal
NDVI,63,2025-07-27,20250727,2025,7,0.3869796097278595,0.5160238146781921,0.3289084732532501,31080,0.39693525433540344,0.03443332388997078,6,-0.009955644607543945,-0.2891281843185425,Normal
NDVI,64,2025-08-01,20250801,2025,8,0.4012620449066162,0.5405091047286987,0.3371489644050598,31080,0.343820720911026,0.040282249450683594,6,0.05744132399559021,1.4259711503982544,Acima
NDVI,65,2025-09-15,20250915,2025,9,0.2335927039384842,0.19543838500976562,0.24469128251075745,31080,0.28326478600502014,0.039377856999635696,6,-0.04967208206653595,-1.2614216804504395,Abaixo
NDVI,66,2025-10-05,20251005,2025,10,0.24011576175689697,0.18955819308757782,0.2567189037799835,31080,0.2864169776439667,0.04321388900279999,6,-0.0463012158870697,-1.07144296169281,Abaixo
NDVI,67,2025-11-21,20251121,2025,11,0.28921881318092346,0.22326314449310303,0.29508113861083984,31080,0.3122521936893463,0.02567664533853531,6,-0.02303338050842285,-0.8970556855201721,Abaixo
NDVI,68,2025-12-04,20251204,2025,12,0.2551107704639435,0.2224670946598053,0.26779597997665405,31080,0.3927469253540039,0.09048926085233688,5,-0.13763615489006042,-1.5210219621658325,Muito abaixo
EVI,0,2020-01-15,20200115,2020,1,0.2230086108732771,0.196037752638326,0.2163886897171704,31080,0.3015449765790158,0.06638059370209973,5,-0.07853636570573869,-1.1831223754670102,Abaixo
EVI,1,2020-02-14,20200214,2020,2,0.36617533270301356,0.45071791318098076,0.3161770890199756,31080,0.40311986140632483,0.11161607661514795,5,-0.036944528703311275,-0.3309964820811248,Normal
EVI,2,2020-03-25,20200325,2020,3,0.3804755718955975,0.49687096403980413,0.3151501086220147,31080,0.32899769487595376,0.1005448574397855,6,0.051477877019643736,0.5119891591717947,Acima
EVI,3,2020-04-04,20200404,2020,4,0.3078575240172543,0.3799922449733707,0.25671489236830014,31080,0.20919780439324223,0.04941691636604911,6,0.09865971962401207,1.996476649680113,Muito acima
EVI,4,2020-05-19,20200519,2020,5,0.15575057748069282,0.1240413372465776,0.16445400483429204,31080,0.20836482156360572,0.046966662161651164,6,-0.0526142440829129,-1.1202466102833482,Abaixo
EVI,5,2020-06-13,20200613,2020,6,0.22891396284103394,0.16839991509914398,0.12607306241989136,19277,0.28095971130881,0.07386130999548632,6,-0.05204574846777604,-0.7046415568713386,Abaixo
EVI,6,2020-07-23,20200723,2020,7,0.18944166109658234,0.20122691054324876,0.17072523661456682,31080,0.25408619346565037,0.08095806597633771,6,-0.06464453236906803,-0.7984940300817244,Abaixo
EVI,7,2020-08-27,20200827,2020,8,0.16950782833746497,0.15874644338839283,0.15855615234224577,31080,0.2719252403018913,0.07126615198022924,6,-0.10241741196442633,-1.4371115756725452,Abaixo
EVI,8,2020-09-26,20200926,2020,9,0.23010650277137756,0.1765066683292389,0.11850309371948242,19277,0.1957447805110444,0.05432609190082984,6,0.034361722260333155,0.6325086355016875,Acima
EVI,9,2020-10-01,20201001,2020,10,0.23421917855739594,0.1782623827457428,0.1268858164548874,19277,0.18752406287134496,0.037007352304274634,6,0.046695115686050975,1.2617794243188085,Acima
EVI,10,2020-11-25,20201125,2020,11,0.21478000901236366,0.18908595408494894,0.1975531870261088,31080,0.22385100515373205,0.04995087456824069,6,-0.009070996141368387,-0.18159834476923903,Normal
EVI,11,2020-12-30,20201230,2020,12,0.6999430656433105,0.6477055549621582,0.23621390759944916,19277,0.35422676780197515,0.20656809948121485,5,0.3457162978413354,1.6736190084992992,Muito acima
EVI,12,2021-01-04,20210104,2021,1,0.3674206154903731,0.4499420198316686,0.31965876591638914,31080,0.3015449765790158,0.06638059370209973,5,0.06587563891135728,0.9923930359374524,Acima
EVI,13,2021-02-23,20210223,2021,2,0.24726511080048974,0.26580362576081773,0.2170465721330314,31080,0.40311986140632483,0.11161607661514795,5,-0.1558547506058351,-1.3963467927942137,Abaixo
EVI,14,2021-03-10,20210310,2021,3,0.17912894158677597,0.1288283210256599,0.19136675434884262,31080,0.32899769487595376,0.1005448574397855,6,-0.1498687532891778,-1.4905660727494838,Abaixo
EVI,15,2021-04-09,20210409,2021,4,0.1759498843770203,0.13579239164707607,0.1829900506161692,31080,0.20919780439324223,0.04941691636604911,6,-0.03324792001622193,-0.6728044253093913,Abaixo
EVI,16,2021-05-09,20210509,2021,5,0.18993857260240551,0.16468806649865148,0.18221857598755103,31080,0.20836482156360572,0.046966662161651164,6,-0.01842624896120021,-0.3923261333279387,Normal
EVI,17,2021-06-03,20210603,2021,6,0.24073729956991574,0.30387669072379864,0.20329093764253703,31080,0.28095971130881,0.07386130999548632,6,-0.04022241173889424,-0.5445667256829352,Abaixo
EVI,18,2021-07-23,20210723,2021,7,0.2331090409312112,0.27863253351035444,0.20305443454925542,31080,0.25408619346565037,0.08095806597633771,6,-0.02097715253443916,-0.259111334756568,Normal
EVI,19,2021-08-22,20210822,2021,8,0.2609569728374481,0.24787844717502594,0.07782786339521408,19277,0.2719252403018913,0.07126615198022924,6,-0.010968267464443182,-0.15390570642127577,Normal
EVI,20,2021-09-06,20210906,2021,9,0.15223822939738701,0.15278300116575966,0.14563315473022057,31080,0.1957447805110444,0.05432609190082984,6,-0.043506551113657393,-0.8008408039561709,Abaixo
EVI,21,2021-10-06,20211006,2021,10,0.16267732044761105,0.1218028404080994,0.16743376697162346,31080,0.18752406287134496,0.037007352304274634,6,-0.024846742423733914,-0.6714001644712076,Abaixo
EVI,22,2021-11-25,20211125,2021,11,0.32019826769828796,0.3289167284965515,0.14713503420352936,19277,0.22385100515373205,0.04995087456824069,6,0.09634726254455592,1.928840353194027,Muito acima
EVI,23,2021-12-10,20211210,2021,12,0.24279371606143074,0.18065128355982457,0.23694294402144866,31080,0.35422676780197515,0.20656809948121485,5,-0.11143305174054441,-0.5394494697893952,Abaixo
EVI,24,2022-01-19,20220119,2022,1,0.37044881003218316,0.4341037058901669,0.31903432913220703,31080,0.3015449765790158,0.06638059370209973,5,0.06890383345316736,1.0380117080963653,Acima
EVI,25,2022-02-23,20220223,2022,2,0.5548503994941711,0.520146369934082,0.14859448373317719,19277,0.40311986140632483,0.11161607661514795,5,0.1517305380878463,1.3593968063490796,Acima
EVI,26,2022-03-05,20220305,2022,3,0.47706711292266846,0.48340439796447754,0.18554992973804474,19277,0.32899769487595376,0.1005448574397855,6,0.1480694180467147,1.4726702271709002,Acima
EVI,27,2022-04-04,20220404,2022,4,0.17957211779954813,0.11625390149100664,0.2072668263871046,31080,0.20919780439324223,0.04941691636604911,6,-0.029625686593694106,-0.5995049625161928,Abaixo
EVI,28,2022-05-29,20220529,2022,5,0.18499497352656896,0.184448688760197,0.17074427703327333,31080,0.20836482156360572,0.046966662161651164,6,-0.02336984803703676,-0.49758375327166676,Normal
EVI,29,2022-06-23,20220623,2022,6,0.40021270513534546,0.41255491971969604,0.11370998620986938,19277,0.28095971130881,0.07386130999548632,6,0.11925299382653548,1.6145529213308436,Muito acima
EVI,30,2022-07-03,20220703,2022,7,0.4158588945865631,0.4166984260082245,0.12528596818447113,19277,0.25408619346565037,0.08095806597633771,6,0.16177270112091274,1.998228331790873,Muito acima
EVI,31,2022-08-02,20220802,2022,8,0.35087260603904724,0.35530218482017517,0.09475187212228775,19277,0.2719252403018913,0.07126615198022924,6,0.07894736573715594,1.1077820752698648,Acima
EVI,32,2022-09-01,20220901,2022,9,0.19255585180327597,0.22593922881789982,0.16493794358524666,31080,0.1957447805110444,0.05432609190082984,6,-0.0031889287077684347,-0.05869976278782762,Normal
EVI,33,2022-10-26,20221026,2022,10,0.18594745493089837,0.15357315576018715,0.17878066164610257,31080,0.18752406287134496,0.037007352304274634,6,-0.0015766079404465894,-0.042602559823348374,Normal
EVI,34,2022-11-10,20221110,2022,11,0.19649865553831355,0.19106577124323174,0.1893324419584044,31080,0.22385100515373205,0.04995087456824069,6,-0.027352349615418492,-0.5475849992986792,Abaixo
EVI,35,2022-12-10,20221210,2022,12,0.37483342174207684,0.4832021569216266,0.31486070123133797,31080,0.35422676780197515,0.20656809948121485,5,0.020606653940101693,0.09975719383512868,Normal
EVI,36,2023-02-08,20230208,2023,2,0.4361345326371327,0.5170105789426153,0.365511497428983,31080,0.40311986140632483,0.11161607661514795,5,0.03301467123080787,0.29578777746007323,Normal
EVI,37,2023-03-25,20230325,2023,3,0.298221617937088,0.2330956608057022,0.16293580830097198,19277,0.32899769487595376,0.1005448574397855,6,-0.03077607693886575,-0.30609299891142605,Normal
EVI,38,2023-04-04,20230404,2023,4,0.20041855341590525,0.17342563091558447,0.19880634329985128,31080,0.20919780439324223,0.04941691636604911,6,-0.008779250977336978,-0.1776567949385159,Normal
EVI,39,2023-05-24,20230524,2023,5,0.21565896083620617,0.1921335959258677,0.19697192834887695,31080,0.20836482156360572,0.046966662161651164,6,0.007294139272600447,0.15530461261000997,Normal
EVI,40,2023-06-28,20230628,2023,6,0.2357880576913129,0.31375760646855055,0.19702832999175038,31080,0.28095971130881,0.07386130999548632,6,-0.04517165361749709,-0.6115739569235576,Abaixo
EVI,41,2023-07-13,20230713,2023,7,0.23315953431489325,0.3106005461249286,0.19428856419754212,31080,0.25408619346565037,0.08095806597633771,6,-0.020926659150757115,-0.25848763675843645,Normal
EVI,42,2023-08-17,20230817,2023,8,0.2574027478694916,0.22634725272655487,0.09857785701751709,19277,0.2719252403018913,0.07126615198022924,6,-0.014522492432399725,-0.20377825978914332,Normal
EVI,43,2023-09-11,20230911,2023,9,0.1728179727825722,0.1275836545217917,0.16306976180418198,31080,0.1957447805110444,0.05432609190082984,6,-0.02292680772847222,-0.42202203262337024,Normal
EVI,44,2023-10-11,20231011,2023,10,0.22885396962896898,0.18782255500948672,0.21105636859212773,31080,0.18752406287134496,0.037007352304274634,6,0.04132990675762402,1.1168025860863895,Acima
EVI,45,2023-11-05,20231105,2023,11,0.1996057152540898,0.16598580881783503,0.20558181722366214,31080,0.22385100515373205,0.04995087456824069,6,-0.024245289899642253,-0.48538269067780593,Normal
EVI,46,2023-12-20,20231220,2023,12,0.28079741979501777,0.34895756879142137,0.2364995581543475,31080,0.35422676780197515,0.20656809948121485,5,-0.07342934800695738,-0.3554728353088953,Normal
EVI,47,2024-01-09,20240109,2024,1,0.29328029300381975,0.3857982384522007,0.2429513641566961,31080,0.3015449765790158,0.06638059370209973,5,-0.008264683575196052,-0.12450451426038732,Normal
EVI,48,2024-03-14,20240314,2024,3,0.3540816307067871,0.3325309455394745,0.15586896240711212,19277,0.32899769487595376,0.1005448574397855,6,0.025083935830833348,0.2494800477076181,Normal
EVI,49,2024-04-28,20240428,2024,4,0.20077137059490202,0.1588977599891782,0.1996078287349732,31080,0.20919780439324223,0.04941691636604911,6,-0.00842643379834021,-0.17051719164187712,Normal
EVI,50,2024-05-13,20240513,2024,5,0.20992541737495474,0.1780214937641873,0.20265894017688557,31080,0.20836482156360572,0.046966662161651164,6,0.0015605958113490137,0.03322773515345229,Normal
EVI,51,2024-06-07,20240607,2024,6,0.2329403898301414,0.27774308991610164,0.20158815514860287,31080,0.28095971130881,0.07386130999548632,6,-0.04801932147866858,-0.6501282130198213,Abaixo
EVI,52,2024-07-22,20240722,2024,7,0.22954720884063728,0.28038225241151604,0.195626835149292,31080,0.25408619346565037,0.08095806597633771,6,-0.024538984625013083,-0.3031073473541882,Normal
EVI,53,2024-08-21,20240821,2024,8,0.35616567730903625,0.37753111124038696,0.09476771205663681,19277,0.2719252403018913,0.07126615198022924,6,0.08424043700714495,1.1820539578243967,Acima
EVI,54,2024-09-30,20240930,2024,9,0.28592026233673096,0.24954400956630707,0.09815818071365356,19277,0.1957447805110444,0.05432609190082984,6,0.09017548182568655,1.659892671652111,Muito acima
EVI,55,2024-10-05,20241005,2024,10,0.17158755154165248,0.19028468473528878,0.1612147862406224,31080,0.18752406287134496,0.037007352304274634,6,-0.015936511329692482,-0.4306309513488673,Normal
EVI,56,2024-11-19,20241119,2024,11,0.22986440706580175,0.21744672540439508,0.21712001935616027,31080,0.22385100515373205,0.04995087456824069,6,0.006013401912069699,0.12038631883921179,Normal
EVI,57,2025-01-08,20250108,2025,1,0.25356655349542584,0.29015995739290584,0.22157165393579337,31080,0.3015449765790158,0.06638059370209973,5,-0.04797842308358996,-0.7227778543064209,Abaixo
EVI,58,2025-02-17,20250217,2025,2,0.41117393139681696,0.48703136721145357,0.3482763174856491,31080,0.40311986140632483,0.11161607661514795,5,0.00805406999049213,0.07215869106618529,Normal
EVI,59,2025-03-09,20250309,2025,3,0.28501129420680554,0.33424547584178843,0.24744724206808769,31080,0.32899769487595376,0.1005448574397855,6,-0.04398640066914822,-0.43748036238940297,Normal
EVI,60,2025-04-08,20250408,2025,4,0.19061737615482344,0.12935751279410015,0.20191451379274275,31080,0.20919780439324223,0.04941691636604911,6,-0.018580428238418795,-0.3759932752741347,Normal
EVI,61,2025-05-13,20250513,2025,5,0.2939204275608063,0.2633571922779083,0.15123502910137177,19277,0.20836482156360572,0.046966662161651164,6,0.08555560599720055,1.8216241491194942,Muito acima
EVI,62,2025-06-17,20250617,2025,6,0.3471658527851105,0.3572823703289032,0.11950033158063889,19277,0.28095971130881,0.07386130999548632,6,0.0662061414763005,0.8963575311668094,Acima
EVI,63,2025-07-27,20250727,2025,7,0.2234008210240148,0.27815750469731904,0.1935750354850486,31080,0.25408619346565037,0.08095806597633771,6,-0.030685372441635578,-0.3790279828399587,Normal
EVI,64,2025-08-01,20250801,2025,8,0.23664560941885987,0.292333863938836,0.20298486464007215,31080,0.2719252403018913,0.07126615198022924,6,-0.03527963088303143,-0.4950404912112942,Normal
EVI,65,2025-09-15,20250915,2025,9,0.1408298639749228,0.12749839394390572,0.14443554892048566,31080,0.1957447805110444,0.05432609190082984,6,-0.0549149165361216,-1.0108387077864285,Abaixo
EVI,66,2025-10-05,20251005,2025,10,0.14185890212154306,0.11558993998505351,0.1503256830075956,31080,0.18752406287134496,0.037007352304274634,6,-0.0456651607498019,-1.2339483347617717,Abaixo
EVI,67,2025-11-21,20251121,2025,11,0.1821589763535357,0.12694695051239574,0.19160120945205641,31080,0.22385100515373205,0.04995087456824069,6,-0.041692028800196346,-0.8346606372875119,Abaixo
EVI,68,2025-12-04,20251204,2025,12,0.17276621576803983,0.14330141616060196,0.17882853567964957,31080,0.35422676780197515,0.20656809948121485,5,-0.18146055203393532,-0.8784538972361374,Abaixo
NDMI,0,2020-01-15,20200115,2020,1,0.02926754392683506,0.0,0.13144448399543762,7952,0.1083773747086525,0.0731116458773613,5,-0.07910983264446259,-1.0820415019989014,Abaixo
NDMI,1,2020-02-14,20200214,2020,2,0.1868012547492981,0.2421543151140213,0.16513359546661377,7952,0.17365115880966187,0.053034380078315735,5,0.01315009593963623,0.24795417487621307,Normal
NDMI,2,2020-03-25,20200325,2020,3,0.2187390923500061,0.30438894033432007,0.18719050288200378,7952,0.07189617305994034,0.09170103818178177,6,0.14684292674064636,1.6013224124908447,Muito acima
NDMI,3,2020-04-04,20200404,2020,4,0.178119495511055,0.18715469539165497,0.16568908095359802,7952,0.031170805916190147,0.07291413098573685,6,0.1469486951828003,2.015366554260254,Muito acima
NDMI,4,2020-05-19,20200519,2020,5,-0.02625194378197193,0.0,0.17845608294010162,7952,0.007406292483210564,0.03034134954214096,6,-0.033658236265182495,-1.1093189716339111,Abaixo
NDMI,5,2020-06-13,20200613,2020,6,-0.05249839276075363,0.0,0.1882689744234085,7952,0.05290244519710541,0.05333374813199043,6,-0.10540083795785904,-1.9762502908706665,Muito abaixo
NDMI,6,2020-07-23,20200723,2020,7,0.005604625213891268,0.0,0.14665056765079498,7952,0.07487908005714417,0.03623467683792114,6,-0.06927445530891418,-1.911827564239502,Muito abaixo
NDMI,7,2020-08-27,20200827,2020,8,-0.02600356563925743,0.0,0.1468137502670288,7952,0.021507034078240395,0.04655589908361435,6,-0.047510601580142975,-1.0205066204071045,Abaixo
NDMI,8,2020-09-26,20200926,2020,9,-0.06180882453918457,0.0,0.14488792419433594,7952,-0.027693822979927063,0.02813049778342247,6,-0.03411500155925751,-1.2127407789230347,Abaixo
NDMI,9,2020-10-01,20201001,2020,10,-0.0652819573879242,0.0,0.15118899941444397,7952,-0.035016488283872604,0.03835037350654602,6,-0.03026546910405159,-0.7891831398010254,Abaixo
NDMI,10,2020-11-25,20201125,2020,11,0.0060521140694618225,0.0,0.13597601652145386,7952,-0.005560657475143671,0.015175368636846542,6,0.011612771078944206,0.7652381658554077,Acima
NDMI,11,2020-12-30,20201230,2020,12,0.1856817752122879,0.21386303007602692,0.17040614783763885,7952,0.0839352086186409,0.08535774052143097,5,0.101746566593647,1.1920015811920166,Acima
NDMI,12,2021-01-04,20210104,2021,1,0.18461763858795166,0.21180130541324615,0.1608709990978241,7952,0.1083773747086525,0.0731116458773613,5,0.07624026387929916,1.0427923202514648,Acima
NDMI,13,2021-02-23,20210223,2021,2,0.0887545570731163,0.002829037606716156,0.13044357299804688,7952,0.17365115880966187,0.053034380078315735,5,-0.08489660173654556,-1.6007843017578125,Muito abaixo
NDMI,14,2021-03-10,20210310,2021,3,-0.02040129341185093,0.0,0.20260778069496155,7952,0.07189617305994034,0.09170103818178177,6,-0.09229746460914612,-1.0065040588378906,Abaixo
NDMI,15,2021-04-09,20210409,2021,4,-0.01466944720596075,0.0,0.17609871923923492,7952,0.031170805916190147,0.07291413098573685,6,-0.04584025219082832,-0.6286881566047668,Abaixo
NDMI,16,2021-05-09,20210509,2021,5,0.0008865160634741187,0.0,0.16657714545726776,7952,0.007406292483210564,0.03034134954214096,6,-0.006519776303321123,-0.21488089859485626,Normal
NDMI,17,2021-06-03,20210603,2021,6,0.07184287905693054,0.0,0.12141784280538559,7952,0.05290244519710541,0.05333374813199043,6,0.018940433859825134,0.3551303744316101,Normal
NDMI,18,2021-07-23,20210723,2021,7,0.09296499937772751,0.006852605380117893,0.13809913396835327,7952,0.07487908005714417,0.03623467683792114,6,0.018085919320583344,0.49913290143013,Normal
NDMI,19,2021-08-22,20210822,2021,8,-0.007777677848935127,0.0,0.11053242534399033,7952,0.021507034078240395,0.04655589908361435,6,-0.029284711927175522,-0.6290225982666016,Abaixo
NDMI,20,2021-09-06,20210906,2021,9,-0.03200734779238701,0.0,0.12391702830791473,7952,-0.027693822979927063,0.02813049778342247,6,-0.004313524812459946,-0.15333980321884155,Normal
NDMI,21,2021-10-06,20211006,2021,10,-0.0556279718875885,0.0,0.15341709554195404,7952,-0.035016488283872604,0.03835037350654602,6,-0.020611483603715897,-0.537451982498169,Abaixo
NDMI,22,2021-11-25,20211125,2021,11,-0.014037459157407284,0.0,0.14356839656829834,7952,-0.005560657475143671,0.015175368636846542,6,-0.008476801216602325,-0.5585894584655762,Abaixo
NDMI,23,2021-12-10,20211210,2021,12,0.035542599856853485,0.0,0.15373194217681885,7952,0.0839352086186409,0.08535774052143097,5,-0.048392608761787415,-0.5669386982917786,Abaixo
NDMI,24,2022-01-19,20220119,2022,1,0.17197826504707336,0.1965353786945343,0.15761993825435638,7952,0.1083773747086525,0.0731116458773613,5,0.06360089033842087,0.8699146509170532,Acima
NDMI,25,2022-02-23,20220223,2022,2,0.16129077970981598,0.17590011656284332,0.15076684951782227,7952,0.17365115880966187,0.053034380078315735,5,-0.012360379099845886,-0.23306351900100708,Normal
NDMI,26,2022-03-05,20220305,2022,3,0.10188465565443039,0.0,0.17992070317268372,7952,0.07189617305994034,0.09170103818178177,6,0.02998848259449005,0.3270244598388672,Normal
NDMI,27,2022-04-04,20220404,2022,4,0.0015555041609331965,0.0,0.18995366990566254,7952,0.031170805916190147,0.07291413098573685,6,-0.02961530163884163,-0.40616682171821594,Normal
NDMI,28,2022-05-29,20220529,2022,5,0.00453672930598259,0.0,0.15097014605998993,7952,0.007406292483210564,0.03034134954214096,6,-0.002869563177227974,-0.09457599371671677,Normal
NDMI,29,2022-06-23,20220623,2022,6,0.08633782714605331,0.0,0.1479368358850479,7952,0.05290244519710541,0.05333374813199043,6,0.033435381948947906,0.626908540725708,Acima
NDMI,30,2022-07-03,20220703,2022,7,0.10111089050769806,0.01601063273847103,0.15304699540138245,7952,0.07487908005714417,0.03623467683792114,6,0.026231810450553894,0.7239421606063843,Acima
NDMI,31,2022-08-02,20220802,2022,8,0.055136214941740036,0.0,0.13486045598983765,7952,0.021507034078240395,0.04655589908361435,6,0.03362917900085449,0.7223398089408875,Acima
NDMI,32,2022-09-01,20220901,2022,9,0.020663682371377945,0.0,0.10923375189304352,7952,-0.027693822979927063,0.02813049778342247,6,0.04835750535130501,1.7190419435501099,Muito acima
NDMI,33,2022-10-26,20221026,2022,10,-0.021499257534742355,0.0,0.14063145220279694,7952,-0.035016488283872604,0.03835037350654602,6,0.013517230749130249,0.35246673226356506,Normal
NDMI,34,2022-11-10,20221110,2022,11,-0.00865980889648199,0.0,0.14529980719089508,7952,-0.005560657475143671,0.015175368636846542,6,-0.0030991514213383198,-0.20422248542308807,Normal
NDMI,35,2022-12-10,20221210,2022,12,0.14456523954868317,0.15801942348480225,0.13468869030475616,7952,0.0839352086186409,0.08535774052143097,5,0.06063003093004227,0.7103050351142883,Acima
NDMI,36,2023-02-08,20230208,2023,2,0.22520360350608826,0.32765117287635803,0.1847667098045349,7952,0.17365115880966187,0.053034380078315735,5,0.05155244469642639,0.9720571041107178,Acima
NDMI,37,2023-03-25,20230325,2023,3,-0.004134818911552429,0.0,0.17731769382953644,7952,0.07189617305994034,0.09170103818178177,6,-0.07603099197149277,-0.8291181325912476,Abaixo
NDMI,38,2023-04-04,20230404,2023,4,0.018796799704432487,0.0,0.1682320535182953,7952,0.031170805916190147,0.07291413098573685,6,-0.01237400621175766,-0.1697065532207489,Normal
NDMI,39,2023-05-24,20230524,2023,5,0.052574411034584045,0.0,0.15833058953285217,7952,0.007406292483210564,0.03034134954214096,6,0.04516811668872833,1.4886653423309326,Acima
NDMI,40,2023-06-28,20230628,2023,6,0.0920616164803505,0.034675776958465576,0.12565232813358307,7952,0.05290244519710541,0.05333374813199043,6,0.03915917128324509,0.7342287302017212,Acima
NDMI,41,2023-07-13,20230713,2023,7,0.10221000015735626,0.059143610298633575,0.1226450726389885,7952,0.07487908005714417,0.03623467683792114,6,0.027330920100212097,0.7542752623558044,Acima
NDMI,42,2023-08-17,20230817,2023,8,-0.025388596579432487,0.0,0.13344769179821014,7952,0.021507034078240395,0.04655589908361435,6,-0.04689563065767288,-1.0072972774505615,Abaixo
NDMI,43,2023-09-11,20230911,2023,9,-0.02401973307132721,0.0,0.13611260056495667,7952,-0.027693822979927063,0.02813049778342247,6,0.0036740899085998535,0.13060878217220306,Normal
NDMI,44,2023-10-11,20231011,2023,10,0.03305541351437569,0.0,0.14859727025032043,7952,-0.035016488283872604,0.03835037350654602,6,0.06807190179824829,1.774999737739563,Muito acima
NDMI,45,2023-11-05,20231105,2023,11,-0.005655222572386265,0.0,0.1722402274608612,7952,-0.005560657475143671,0.015175368636846542,6,-9.456509724259377e-05,-0.006231485866010189,Normal
NDMI,46,2023-12-20,20231220,2023,12,0.08296727389097214,0.0,0.12738555669784546,7952,0.0839352086186409,0.08535774052143097,5,-0.0009679347276687622,-0.011339741759002209,Normal
NDMI,47,2024-01-09,20240109,2024,1,0.11937040835618973,0.0846061185002327,0.1310802847146988,7952,0.1083773747086525,0.0731116458773613,5,0.010993033647537231,0.15035954117774963,Normal
NDMI,48,2024-03-14,20240314,2024,3,0.016421830281615257,0.0,0.17738161981105804,7952,0.07189617305994034,0.09170103818178177,6,-0.05547434091567993,-0.6049478054046631,Abaixo
NDMI,49,2024-04-28,20240428,2024,4,0.009006748907268047,0.0,0.17922744154930115,7952,0.031170805916190147,0.07291413098573685,6,-0.022164057940244675,-0.30397480726242065,Normal
NDMI,50,2024-05-13,20240513,2024,5,0.032584935426712036,0.0,0.17852047085762024,7952,0.007406292483210564,0.03034134954214096,6,0.025178642943501472,0.8298458456993103,Acima
NDMI,51,2024-06-07,20240607,2024,6,0.061688754707574844,0.0,0.14304903149604797,7952,0.05290244519710541,0.05333374813199043,6,0.008786309510469437,0.16474202275276184,Normal
NDMI,52,2024-07-22,20240722,2024,7,0.07305838912725449,0.0,0.13180382549762726,7952,0.07487908005714417,0.03623467683792114,6,-0.001820690929889679,-0.0502471961081028,Normal
NDMI,53,2024-08-21,20240821,2024,8,0.05356243625283241,0.0,0.1227816566824913,7952,0.021507034078240395,0.04655589908361435,6,0.03205540031194687,0.688535749912262,Acima
NDMI,54,2024-09-30,20240930,2024,9,-0.02165565825998783,0.0,0.12417586892843246,7952,-0.027693822979927063,0.02813049778342247,6,0.006038164719939232,0.21464833617210388,Normal
NDMI,55,2024-10-05,20241005,2024,10,-0.03133569657802582,0.0,0.1336042284965515,7952,-0.035016488283872604,0.03835037350654602,6,0.0036807917058467865,0.09597799181938171,Normal
NDMI,56,2024-11-19,20241119,2024,11,0.01609147898852825,0.0,0.15900106728076935,7952,-0.005560657475143671,0.015175368636846542,6,0.021652135998010635,1.4267947673797607,Acima
NDMI,57,2025-01-08,20250108,2025,1,0.03665299341082573,0.0,0.1326550990343094,7952,0.1083773747086525,0.0731116458773613,5,-0.07172438502311707,-0.9810254573822021,Abaixo
NDMI,58,2025-02-17,20250217,2025,2,0.2062055915594101,0.2636403739452362,0.1818636953830719,7952,0.17365115880966187,0.053034380078315735,5,0.03255443274974823,0.613836407661438,Acima
NDMI,59,2025-03-09,20250309,2025,3,0.11886754631996155,0.06744645535945892,0.13813234865665436,7952,0.07189617305994034,0.09170103818178177,6,0.04697137326002121,0.512222945690155,Acima
NDMI,60,2025-04-08,20250408,2025,4,-0.005784272216260433,0.0,0.18779675662517548,7952,0.031170805916190147,0.07291413098573685,6,-0.036955077201128006,-0.506830096244812,Abaixo
NDMI,61,2025-05-13,20250513,2025,5,-0.019892893731594086,0.0,0.18929429352283478,7952,0.007406292483210564,0.03034134954214096,6,-0.02729918621480465,-0.8997353911399841,Abaixo
NDMI,62,2025-06-17,20250617,2025,6,0.05798198655247688,0.0,0.1716003268957138,7952,0.05290244519710541,0.05333374813199043,6,0.005079541355371475,0.09524066001176834,Normal
NDMI,63,2025-07-27,20250727,2025,7,0.0743255689740181,0.0,0.13939110934734344,7952,0.07487908005714417,0.03623467683792114,6,-0.0005535110831260681,-0.015275728888809681,Normal
NDMI,64,2025-08-01,20250801,2025,8,0.07951338589191437,0.018874522298574448,0.13274693489074707,7952,0.021507034078240395,0.04655589908361435,6,0.05800635367631912,1.245950698852539,Acima
NDMI,65,2025-09-15,20250915,2025,9,-0.047335051000118256,0.0,0.1419096440076828,7952,-0.027693822979927063,0.02813049778342247,6,-0.019641228020191193,-0.6982182860374451,Abaixo
NDMI,66,2025-10-05,20251005,2025,10,-0.06940946727991104,0.0,0.1532137244939804,7952,-0.035016488283872604,0.03835037350654602,6,-0.03439297899603844,-0.8968095183372498,Abaixo
NDMI,67,2025-11-21,20251121,2025,11,-0.02715504914522171,0.0,0.15521202981472015,7952,-0.005560657475143671,0.015175368636846542,6,-0.021594392135739326,-1.4229896068572998,Abaixo
NDMI,68,2025-12-04,20251204,2025,12,-0.02908085659146309,0.0,0.15419864654541016,7952,0.0839352086186409,0.08535774052143097,5,-0.11301606893539429,-1.3240283727645874,Abaixo
